{
  "action_following_rot6d20_clean_only": {
    "task_dataset_count": 50,
    "total_episodes": 2500,
    "total_frames": 552622,
    "action": {
      "min": [
        -0.02701117843389511,
        -0.0811321958899498,
        -0.06599044799804688,
        0.9534679055213928,
        -0.1943034529685974,
        -0.26917001605033875,
        -0.1722893863916397,
        0.9807624220848083,
        -0.13195224106311798,
        0.0,
        -0.07014472037553787,
        -0.0752481147646904,
        -0.06719386577606201,
        0.9006767272949219,
        -0.21285215020179749,
        -0.43440496921539307,
        -0.19189387559890747,
        0.9591480493545532,
        -0.25163838267326355,
        0.0
      ],
      "max": [
        0.0325455442070961,
        0.0354432612657547,
        0.024470925331115723,
        1.0,
        0.17284570634365082,
        0.3012065887451172,
        0.19355718791484833,
        1.0,
        0.18872816860675812,
        1.0,
        0.030583467334508896,
        0.08854992687702179,
        0.02070295810699463,
        1.0,
        0.19182758033275604,
        0.267594575881958,
        0.1676969677209854,
        1.0,
        0.12069862335920334,
        1.0
      ],
      "dim": 20
    },
    "observation.state": {
      "min": [
        0.3147314190864563,
        -0.1909370720386505,
        0.7730081081390381,
        -0.3717886805534363,
        -1.0,
        -1.0,
        -1.0,
        -0.9999996423721313,
        -0.9999988079071045,
        0.0,
        0.3011133074760437,
        -0.45258480310440063,
        0.7759371995925903,
        -0.5702552795410156,
        -0.3715096414089203,
        -1.0,
        -1.0,
        -1.0,
        -1.0,
        0.0
      ],
      "max": [
        0.8375653028488159,
        0.4529472589492798,
        1.202770709991455,
        1.0,
        0.34141233563423157,
        0.48111116886138916,
        1.0,
        1.0,
        1.0,
        1.0,
        0.8128511905670166,
        0.18693318963050842,
        1.1544702053070068,
        1.0,
        0.9999998211860657,
        0.23999838531017303,
        0.9999999403953552,
        1.0,
        0.9999976754188538,
        1.0
      ],
      "dim": 20
    }
  },
  "action_following_rot6d20_mix_4_1_1_1_1": {
    "task_dataset_count": 350,
    "total_episodes": 260250,
    "total_frames": 10988588,
    "action": {
      "min": [
        -0.034346409142017365,
        -0.0811321958899498,
        -0.06599044799804688,
        0.9521317481994629,
        -0.1943034529685974,
        -0.27314743399620056,
        -0.17896518111228943,
        0.9807624220848083,
        -0.13195224106311798,
        -0.005772631615400314,
        -0.07014472037553787,
        -0.0752481147646904,
        -0.07108984887599945,
        0.9006767272949219,
        -0.21285215020179749,
        -0.43440496921539307,
        -0.19340158998966217,
        0.9591480493545532,
        -0.25163838267326355,
        -0.0067916493862867355
      ],
      "max": [
        0.03492908552289009,
        0.041986361145973206,
        0.02793995290994644,
        1.0,
        0.17941711843013763,
        0.30553004145622253,
        0.19355718791484833,
        1.0,
        0.18872816860675812,
        1.0,
        0.03470352292060852,
        0.08854992687702179,
        0.02693478763103485,
        1.0,
        0.19344644248485565,
        0.267594575881958,
        0.17068414390087128,
        1.0,
        0.12069862335920334,
        1.0
      ],
      "dim": 20
    },
    "observation.state": {
      "min": [
        -0.3543105125427246,
        -0.3206741213798523,
        0.6666819453239441,
        -0.926872193813324,
        -1.0,
        -1.0,
        -1.0,
        -1.0,
        -1.0,
        0.0,
        -0.35308659076690674,
        -0.5422413349151611,
        0.715185284614563,
        -0.9410697221755981,
        -0.9982115626335144,
        -1.0,
        -1.0,
        -1.0,
        -1.0,
        0.0
      ],
      "max": [
        0.8536641597747803,
        0.7811633348464966,
        1.4683852195739746,
        1.0,
        0.9990638494491577,
        0.9948206543922424,
        1.0,
        1.0,
        1.0,
        1.0,
        0.854636013507843,
        0.2892491817474365,
        1.4072704315185547,
        1.0,
        1.0,
        0.8118003010749817,
        1.0,
        1.0,
        0.9999992847442627,
        1.0
      ],
      "dim": 20
    }
  }
}
